rating,title,review_text,date,city
4,"2,05,719 Ratings","6,583 Reviews 1,63,435 24,703",,
5,Mind-blowing purchase,Super and cool photo,Mar 2025,Uttara Kannada District
5,Terrific,Such an great experience,Oct 2025,
5,Mind-blowing purchase,with unbeatable video performance. Tip-top performance A18 Chip. best value offering.,Nov 2025,Agra
5,Wonderful,such a beautiful color,Oct 2025,Koraput
5,Brilliant,Doing good as of now!,May 2025,Agartala
5,Just wow!,Value for money sarath kumar,Oct 2025,Kochi
5,Mind-blowing purchase,"Best phone, best feature charge, best performance, I love this iPhone 16.",Jul 2025,Bangaon
5,Wonderful,Love the quality of pics it takes Ghosh,Nov 2025,Chakapara
5,Awesome,"Compact, easy to carry. Like it",May 2025,Sibsagar
5,Best in the market!,iOS is always amazing.,Oct 2024,Thane
5,Just wow!,Fell in love with the colour sai kumar,Apr 2025,Rangareddy
4,Delightful,Everything is fine except the battery should have been lasting longer and the new camera button Felt useless,Apr 2025,New Delhi
5,Best in the market!,Got it in just look awesome,Jun 2025,Kashipur
5,Best in the market!,Finally I got it and love it,Jan 2025,Noida
5,Perfect product!,Awesome product ashwin roy,Oct 2024,Kalamassery
5,Awesome,Great experience with great camera,Apr 2025,Rupnagar District
5,Simply awesome,Govinda kumar Choudhary,Apr 2025,Patna
5,Perfect product!,Recently changed a smooth ui and best experience,Jan 2025,New Delhi
5,Just wow!,Upgraded 12mini Good battery life and performance Ultramarine the best one,May 2025,Nagaon
5,Super!,One of the best phone.,Aug 2025,Patna Division
5,Terrific purchase,"Bought the phone solely for battery performance and assuming camera of iPhones are always good. A bit of disappointment as I switched S22 Plus which offered great screen quality, excellent camera and Galaxy did wonders while iPhone 16 is not performing as expected in terms of battery and camera quality. 1. Touch screen 2. 3. Light weight",Jan 2025,Pune District
5,Awesome,Mind blowing pictures,Jul 2025,North Twenty Four Parganas District
5,Classy product,received via Flipkart. Everything is perfect about this phone except battery backup. I think need to work on battery. amit kaundal,Mar 2025,Chandigarh
5,Terrific,Everything is fantastic go for it,Aug 2025,Hyderabad
5,Highly recommended,like it feel premium,Jan 2025,Bhubaneswar
5,Wonderful,Just wow its worth the price,Oct 2024,Barjora
5,Super!,My wife 1st i phone thank you,Apr 2025,New Delhi
4,Horrible,Battery gets drain in 6-7 hr with even just normal uses. Dont buy this phone. I got frustrated with this issue. Rishabh raj,Jun 2025,Noida
5,Just wow!,and Bank offer on Flipkart.,Sep 2024,Noida
5,A Great upgrade 12!,"Upgraded to the 16 12 and it is a great phone. looks and feels sooo good. The photos dont do enough justice to this variant. You definitely do not need to upgrade to this if you are having a 14 or a 15, unless is something that you do not want to live without. Camera is great, though not very sure of the thing, cuz all that is pretty much available on-screen . Also, got a great deal on the exchange and bank offer, so zero co...",Sep 2024,Bengaluru
5,Must buy!,Awesome product K,Oct 2024,Bengaluru
4,Wonderful,"The design, build quality, battery backup are also good, sound quality is really impressive and Apple brand value, these are the pros in this mobile. 1.The display is not up to the mark, because the refresh rate only supports 60hz and the display is not vibrant. 2. The camera is also not very impressive just okay. 3. File sharing with android or windows literally headache.. 4. Signal reception is lacking.. 5. features are not useful and totally waste.",Nov 2025,Ysr District
5,Highly recommended,Top notch camera quality and very good performance overall too good without any hesitation go for it,Nov 2025,Raipur
5,Awesome,Love it no complaints!,Aug 2025,Bhojpur District
5,Awesome,My mom love the colour and the phone is amazing ajay Vishwakarma,Jun 2025,Thane
5,Awesome,The display is absolutely crazy and also I can say that the haptics of the phone is super smooth but only concerned is that image editing ai is not good as,Jun 2025,Dhone
5,Super!,iPhone 16 is a wonderful cell phone . 48MP camera is outstanding. I bought 256GB model. I would recommend to buy the product.,Sep 2025,Kolkata
5,Must buy!,Wonderfully lightweight stuff. Worth purchasing. Improved speakers and a more seamless display. Incredibly cozy to use with one hand. Go for Teal colour. Swostik,Sep 2024,Kalahandi District
5,Fabulous!,Colour is very good also camera placement Rahul yadav,Sep 2024,Loni
5,Terrific,iPhone 16 is best for those who not buy 15 series. And it has very best hand feel. Deepak kumar,Jan 2025,Noida
5,Excellent,Its a fake details I havent ordered yet But showing I phone jad ordered,Jun 2025,Hansi
5,Brilliant,Best for videography and also good for photos if you are interested in little bit editing . Look and feel of the phone is premium and top notch software experience . Battery backup is good considering the form factor and performance is also superb . Major problem is low refresh rate but I tink those who are going to buy they know it already . Overall a good buy if videography is a pr...,Jan 2025,Champdani
5,Super!,Camera 1010 Battery 108 Display 1010 Design 1010 Performance 1010 Finally a in this price segment,Jan 2025,Aligarh District
5,Best in the market!,overall a perfect compact phone.,Jan 2025,Jaipur
5,Just wow!,16. . . . . I 2021 . . . . .,Oct 2025,Purba Bardhaman District
5,Perfect product!,"This is best quality delivered always. When I was installing my backup , it became very hot during camera operation. But after the software update, gradually it became normal. Now it is working well. I also went to Imagine for a checkup and came to know that this is quite normal. Thats it. I hope after the Apple intelligence update we can have some new features and entertainment windows will open for us Thanks, for delivering with promise and safety. saswata sanyal",Sep 2024,Kolkata
5,Super!,"Amazing device, everything is top notch jayata banerjee",Jan 2025,Asansol
5,Highly recommended,Bad camera quality at this range. Go for samsumg s25,Jan 2025,Pune
4,Good quality product,"I have switched 6a to iPhone 16 , everything is good but camera is no match to pixel, even with 12 megapixel camera pixel 6a was much better.",May 2025,New Town
5,Super!,Premium experience,Nov 2025,Farakka Pts Township
5,Terrific,Camera is very good but Im really missing a telephoto lens... However the 2x zoom is really lossless zoom and i loved it 1st time using i os... Switching ...its a bit difficult tusk to adujst yourself from a 120hz display to a 60hz display... But i really like the overall experience of this phone...,Nov 2025,Singur
5,Excellent,Buy it now everything is good,Oct 2025,Meerut
5,Excellent,Awesome phone Nishant ranjan,Oct 2025,Mumbai
5,Wonderful,This phone is really amazing,Apr 2025,Yadgir District
5,Super!,"iphone is ever good product to buy, but need to improve battery backup also. I think there is no need of camera short cut button, but its good to open in single click, apple intelligence is ok ok feature. Is recommendable product you can buy. Rajneesh",Nov 2024,New Delhi
4,Good choice,Absolutely premium product...just now. Thanks flipkart Im glad such a beautiful iphone 16 too good Loved it,Nov 2025,Kavisurjyanagar
5,Wonderful,Amazing purchase,Nov 2025,Ranchi
5,Just wow!,Fantastic product..no flaws,Jun 2025,Ahmedabad
5,Worth every penny,My first iPhone and its literally amazing although I like its performance and camera my overall experience is very good! Adhayan V Alankar,Jun 2025,Lucknow Division
4,Worth the money,Good phone like it Ajin B,Oct 2025,Palakkad District
5,Terrific,"great camera, great battery life, overall a good package.",Jun 2025,Faridabad
5,Classy product,"Awesome product. If you are an apple fanboy, go for it. , S Kannanur",Jan 2025,
5,Highly recommended,Amazing camera results and big battery life,Jan 2026,Sikandra Rao
5,Best in the market!,Amazing camera quality,Dec 2025,
5,Must buy!,"Excellent but delivery too late, but I m happy ajay kumar",Nov 2025,Rohtak
5,Perfect product!,Best price on this time Rakesh swami,Oct 2025,Nohar
5,Wonderful,Just go ahead and buy it.,Jan 2025,Kolkata
5,Terrific,Perfect..down to the last .. everything is perfect,Apr 2025,Kanth Shahjahanpur District
5,Simply awesome,Awesome phone as always. Got a good deal on Flipkart chandan tiwari,Mar 2025,New Delhi
4,Wonderful,No doubt its built quality is unmatched. better to buy an android phone of this range than this one. Android respects your freedom to choose more.,May 2025,Muzaffarpur District
5,Brilliant,Switched from 12 mini to iPhone 16 - battery 1010 - camera 1010 - hold and feel 1010 - ios 910 - heavy tasking 810 Should you upgrade?? If you are at iPhone 1213 then you should . From 1415 you will minor improvement changes only !,Sep 2024,Ghu
5,Classy product,Md saddam Hussain,Nov 2025,Dhanwar
5,Must buy!,Camera quality is excellent Battery backup is durable Performence is superb as I expected,Sep 2025,Fatehabad
4,Good choice,Wonderful product,Oct 2025,Surat
3,Does the job,"The model is excellent with 5 stars on all features except two issues. 1. Battery life is really less. 2. Heating issues in the phone Note if you are a iphone plus, pro or pro max users then dont buy only 16 go with next versions or you will be disappointed",Jan 2025,Malegaon
5,Just wow!,"Phone is very smooth, battery is far better than 14 which I previously had. 18 is perfectly running with no bugs",Sep 2024,Pune
5,Just wow!,Super camera resolution battery also super fast charger performance -100 design-camera design super,Dec 2025,New Delhi
5,Simply awesome,Awesome only no words to explain,Jan 2026,Raipur
5,Fabulous!,"First ios ,feeling happy thank u flipkart .",Nov 2025,Rudrapur
5,Awesome,Performance top notch but App opening time hanging .,Nov 2025,Patuli
5,Fabulous!,Very very nice camera quality I love it,Nov 2025,Faridabad
5,Terrific,Very nice Dileep M C,Nov 2025,Bengaluru
5,Just wow!,Product is very good and also delivery boys behaviours is very good,Nov 2025,Barmer
4,Good choice,Only for brand..but best,Nov 2025,Nadia District
5,Awesome,Thankyou flipkart bbd sale food prize and good Look iPhone 16 Im happy full satisfied,Oct 2025,Muzaffarpur
5,Highly recommended,60 sanjay kumar saraf,Jun 2025,Howrah
5,Wonderful,Great product bijay karki,May 2025,Jalpaiguri
5,Must buy!,Nice product worth of money reddy,May 2025,Karimnagar
5,Mind-blowing purchase,Value for money.,Apr 2025,Bengaluru
5,Great product,My fathers first iphone Colour is awesome and so light in weight It should be available with 256gb Anyways design and camera is awesome,Sep 2024,Lakhimpur
5,Must buy!,Overall good performance,Jun 2025,Delhi Division
4,Worth the money,Awesome product Sharma,Jan 2025,Balaghat
5,Simply awesome,battery backup is very good harpreet,Oct 2025,Rampura Phul
5,Excellent,iPhone 16 battery is awesome,Apr 2025,Navi Mumbai
5,Terrific purchase,Must buy product,Jan 2025,Ranchi
5,Mind-blowing purchase,Very handy phone perfect in every aspect ..,Jan 2025,Barpeta
4,Nice product,On 26 th sep i got this phone . All are good but one thing i noticed that the phone heat up when I open the camera. I didnt know why these thing are happening . While writing this review i only used this phone for 1 hr. Shashi kant Singh,Oct 2025,Gurgaon Division
5,Classy product,All the features are working fine.,Jan 2025,New Delhi
5,Classy product,More smoothly then 15,Sep 2024,Maunath Bhan
5,Fabulous!,was marvelous except 60 Hz display and battery,Nov 2025,Raichur
5,Worth every penny,"is Supreme, Display is Awesome, Performance is outstanding, Battery is worst, Display size is very",Apr 2025,Display
5,Best in the market!,"Nice mugambo khush hua, .",Nov 2025,Kotkapura
5,Brilliant,Such a great and powerful phone,Aug 2025,Sah
5,Highly recommended,with the best camera,Jan 2026,Sijua
5,Classy product,nice product Aman,Jan 2026,Abohar
5,Super!,Apple - The name is enough,Sep 2025,Rajkot
5,Brilliant,Best product Tamilarasan s,Jan 2026,Periyanaickenpalayam
5,Just wow!,"Flipkart is most trusted and best online shopping platform. About the phone there are no words to express the beauty. Camera , performance and quality is amazing. Bought is black colour. This is like my 3rd or 4th iPhone .",Nov 2025,Bhopal
5,Simply awesome,Face a little bit of prb but still happy with my new iphone 16,Aug 2025,Mumbai
5,Terrific purchase,The iPhone 16 is a very good choice!,Nov 2025,Nashik
5,Must buy!,Very nice product,Nov 2025,Panchkula
5,Excellent,I love this device,Nov 2025,Thagarapuvalasa
5,Perfect product!,"The iPhone 16 is a great phone, but the battery doesnt last long adarsh shukla",Nov 2025,Basti Division
5,Classy product,Nice phone Thank you flipkart Nice delivery,Nov 2025,Pune Division
5,Mind-blowing purchase,Its good product. I love you i,Nov 2025,Haldwani
5,Excellent,"iPhone 16 is an outstanding device with excellent performance, brilliant display, and reliable battery backup. The camera quality is top-notch, and overall it offers a truly premium experience.",Nov 2025,Gurugram
5,Highly recommended,Orginal product delivered,Jan 2026,New Delhi
5,Terrific,Nice picture and quality is osm.loved it,Nov 2025,Delhi Division
5,Classy product,Got best product in great deal,Nov 2025,Pune
5,Classy product,Very good product,Dec 2025,Udaipur
5,Terrific purchase,Loved it iphone 16 Always love apple Must buy,Dec 2025,Ahmedabad
5,Terrific,Delivery was very fast ! Compact size and light weight as compare to pro series ! Good choice,Nov 2025,Vadodara
5,Just wow!,Everything is Good.,Nov 2025,Meerut Division
5,Awesome,Fabulous camer clarity Dinesh K,Nov 2025,Erode
5,Fabulous!,Very nice phone with ai and good cinematic vidio and photo,Nov 2025,Varanasi Division
5,Just wow!,Just awesome and battery backup is good,Jan 2026,South Chotanagpur Division
5,Classy product,"so its my first iphone after a long time waiting and the experience is as expected amazing! so on the good side, there is no match for the video recording of an iphone as there never were. camera is just fascinating and which is the most craving thing for me. build and looks are completely unmatched to any phone as to be honest there are some phones which comes to comparison but still a phone. the display is too good to be true although 60Hz doesn...",Oct 2025,Panihati
5,Must buy!,This product is best Jignesh vinodray dhrangadhariya,Oct 2025,Bhavnagar
5,Classy product,I can recommend this phone to anyone. Coz its a power-packed phone in a compact design. Such a premium feel when you hold it. Camera is as usual top notch. Nothing to nitpic. Just go for it,Oct 2025,Gurugram
5,Super!,best deal flipkart,Oct 2025,Indore
5,Perfect product!,Nice phone at low price thanks flipkar,Nov 2025,Delhi Division
5,Terrific purchase,Always superb no comments,Oct 2025,Hyderabad
5,Simply awesome,Worth it Pavitra,Nov 2025,North Goa
5,Worth every penny,Very nice saleem raja,Nov 2025,Tiruchirappalli
5,Just wow!,"Very good product, I love it.",Oct 2025,Natchiarkoil
5,Just wow!,"Nice product Krishna , Serilingampalle m",Oct 2025,Serilingampalle
5,Terrific,I love this product and discount also,Oct 2025,Surat
5,Awesome,Nice but slow display 60hz,Oct 2025,Bahraich
5,Terrific,"I am buying iPhone for the first time. I have bought an iPhone, not a soap. As people say. It is a brand new phone, there is no problem. No scratches. Best deal, best offer, best phone 100 battery health 0 damage Seal pack box",Oct 2025,Bijapur District
5,Must buy!,Best camera quality for video,Oct 2025,Pune
5,Brilliant,Excellent as always.Nice job apple,Oct 2025,Varanasi
5,Best in the market!,I like it satyam singh Thakur,Oct 2025,Bareli
5,Worth every penny,Excellent and interesting discount,Oct 2025,Mumbai
4,Pretty good,"I have a great experience with iphone 16, all upgraded features is good, I highly recommend for 16 256 gb",Oct 2025,Shahjahanpur
5,Best in the market!,best phone in series and also better then 17,Oct 2025,Pune
5,Highly recommended,Good phone camera quality is a awesome,Oct 2025,Nayagarh District
5,Terrific,Received in good condition... fast delivery.....all over experience is good.... and thanks flipkart....... in advance,Oct 2025,New Delhi
5,Worth every penny,Very happy with the mobile,Sep 2025,Sangli Miraj Kupwad
5,Highly recommended,Had been using it for some time and is totally worth the money Urvashi,Sep 2025,Fatehabad District
5,Fabulous!,"Best ever, look wise and performance wise.",Sep 2025,New Delhi
5,Classy product,"We all are know that iphone have no substitute, its amazing device and also my first iphone so its become very excited... No regret",Oct 2025,Kalol Gandhinagar District
5,Must buy!,Excellent product,Aug 2025,Kamrup Metropolitan District
5,Mind-blowing purchase,. best color. Significantly awesome!,Mar 2025,Aligarh
5,Classy product,The phone is good except the 60 Hz refresh rate,Oct 2025,Gorakhpur
5,Mind-blowing purchase,Very nice and black colour,Oct 2025,Talegaon Dabhade
5,Highly recommended,"Upgraded 16, and its nice, the battwru backup is very nice and so is the camera. Just some heating issue in summers.",Jun 2025,Jammu
5,Perfect product!,Perfect product pranshu srivastava,Jun 2025,Lucknow Division
5,Wonderful,"I am loving it. Yes the battery is a bit problematic, it drained early. Apple should work on it.",Jun 2025,Garhwal District
5,Fabulous!,Very good product,Jun 2025,Arrah
5,Terrific,Upgraded 11 to 16. Its good,Oct 2025,Gurugram
5,Worth every penny,"As a First time iphone user, i find the phone good",May 2025,Bengaluru
5,Brilliant,Best in performance and camera,May 2025,Udaipur
5,Simply awesome,Iphone is an iphone.,May 2025,Bengaluru
5,Highly recommended,phone better than pro variant.,May 2025,Bengaluru
5,Terrific,Got the phone in very Excellent condition And delivered in a very proper manner madhukar pawar,Oct 2025,Pune Division
5,Perfect product!,Wonderfully lightweight stuff. Worth purchasing. Improved speakers and a more seamless display. Incredibly cozy to use with one hand.,Mar 2025,Kolkata
5,Terrific purchase,"but now This time is for , I Miss features in this mobile , boaring device , Google photos editing is wonder . But I disappointed with this iphone, samsung is far better for now, new lots of features. Bro dont buy if u need comfortable, something, I buy only for flex I have both samsung and iphone , I love samsung S series Ashwani kumar",Jan 2025,Dehradun
5,Best in the market!,"iPhone 16 is great in design, performance, battery life is great although charging is slow. Casual photography is great although lacks in detail but night photos are good, videography is great , black colour is excellent.",Nov 2024,Krishnanagar
4,Value-for-money,Good quality camera,Jan 2026,Rajgir
4,Wonderful,Its light weight and for that hand fell is ultimate. Also the low light camera and protriant mode is amazing . Only the issue is battery while other phones at this size and weights still gives more battery backup,Nov 2025,Barpeta
5,Worth every penny,Good specifications and good performance Nijil P,Oct 2025,Kozhikode
5,Awesome,This phone good design,Nov 2025,New Delhi
4,Delightful,Overall good phone,Oct 2025,New Delhi
4,Worth the money,Wowed camera so good,Oct 2025,Garhwal Division
4,Wonderful,Over all performance is good,Oct 2025,Sipcot Thervoy Kandigal
4,Good quality product,"The phone is good, but the battery is draining very fast",Oct 2025,Meerut Division
4,Good quality product,Totally satisfied with my first iphone but battery backup could be improved,Oct 2025,Loni
5,Highly recommended,Best i phone 16. Original product and open delivery option is great.,May 2025,Konkan Division
5,Wonderful,Delivery service was good. And phone is awesome.,Jan 2025,Patna
5,Fabulous!,Thanks to flipkart it is a awesome phone,Aug 2025,Barpeta
5,Wonderful,"My first ever Iphone and I am really happy with the purchase. If anybody is looking for a change . Display is good, battery life is good. Camera is amazing.",Jun 2025,Ranchi
5,Simply awesome,I loved this product,Oct 2025,Pune Division
5,Mind-blowing purchase,Value of money . Uppi,Oct 2025,Bengaluru
2,Bad quality,Display blinking in pink colour,Apr 2025,New Delhi
5,Wonderful,Excluding memory and battery rest all good,Dec 2024,Kalyan
5,Highly recommended,Every thing is fine but the only concern is with the battery health.,Oct 2025,Mohali
5,Best in the market!,Camera quality is too good,Oct 2025,Lower Assam Division
5,Excellent,Excellent mobile,Oct 2025,Jaipur Division
5,Great product,nice product and also seller.,Oct 2025,Mumbai
5,Awesome,Just love my first Iphone.,Aug 2025,Bengaluru
5,Brilliant,Phone received in good quality. Bought it in great price in sale. The delivery was delayed. Simply best just go for it if you are iphone fan. I was thinking to buy 16e but its just like iPhone X . Instead for 16. Not used to the new side camera button. Lets see.,Jul 2025,Navi Mumbai
5,Classy product,Go for 15 ya 16 pro,Jun 2025,Faridabad
5,Super!,All over good Bhagwan sahay prajapat,Mar 2025,Jaipur District
4,Value-for-money,First time purchasing iPhone 16 mobile super high security thirumala naidu,Jan 2025,Yemmiganur
5,Brilliant,Its very nice that I have upgraded my iphone 13 to an iPhone 16,Jan 2025,Rangareddy District
5,Just wow!,Nice products im happy thanks Pujum yomgam Yomgam,Oct 2024,Along
4,Wonderful,Better than 15 and 14,Oct 2025,Faridabad Division
4,Good quality product,"It was a good 1st time experience, switching , enjoying using it. The seller is also authentic my iphone is not pre activated. It overall a good",Oct 2025,Delhi Division
4,Good choice,Amazing quality satish rana,Oct 2025,Nahan
4,Delightful,Phone is good but refresh rate is less over all good phone,Jan 2025,
4,Worth the money,Good prasad veera,Jan 2025,Hyderabad
5,Just wow!,Good performance and camera quality is amazing for this iPhone built quality is good. And battery is not decent but good.,Apr 2025,Mumbai
5,Wonderful,Thank you So much Flipkart,Nov 2025,
3,Just okay,Battery too much drain,Dec 2025,Jaipur Division
3,Just okay,Good but it too smoll,Nov 2025,Dimapur
3,Decent product,Heating issues Gaurav pundir,Oct 2025,Ghaziabad
5,Simply awesome,Good product singh,Oct 2025,Najibabad
3,Decent product,It heats like a pan in 2 mins of use,Jun 2025,Pune
5,Highly recommended,After only one phone is there which is known as i,Oct 2025,Konkan Division
5,Excellent,good camera setting. little hard to manage this phone,Apr 2025,Gurugram
5,Best in the market!,Superbbb performance,Jul 2025,Dharampur Industrial Estate
4,Does the job,Battery life is not good,Oct 2025,Pune
5,Super!,nice phone it also have great performance and battery capacity.,Oct 2025,Garhakota
5,Must buy!,iPhone 16 white is awesome. Balaji K,Aug 2025,Chennai
5,Wonderful,But this device is notable to beat my poco X7 pro,Oct 2025,Hardwar District
5,Classy product,Very nice product Ram niwash,Nov 2025,Delhi Division
5,Must buy!,Its best product and flipkart is best online purchase app,Jan 2026,Ahmedabad
5,Wonderful,Nothing to say anything to apple. Its built like that,Jan 2026,Faridabad
5,Terrific purchase,Strongly recommend T B,Oct 2025,Chittoor District
5,Wonderful,Best in this price range.,Jan 2026,Kachchh District
5,Terrific,Everything is perfect.. sale price.,Oct 2025,Saharanpur
2,Slightly disappointed,"Battery back up is not good, its draining too fast even when phone is idle",Jan 2026,Sangareddy
2,Bad quality,Black clour bery bad rekibul islam,Jan 2026,Lower Assam Division
5,Brilliant,Other than the low screen resolution everything of this phone is perfect can be a great phone for 1st time apple user,Jan 2026,Kalyan
5,Worth every penny,Simply gotta love it daksh jirati,Jan 2026,Indore
1,Terrible product,Too much hot while using camera worst experience,Jan 2026,Saharanpur
5,Mind-blowing purchase,I am satisfied product is nice,Jan 2026,Gurgaon
5,Super!,"Very nice product , but the screen size is a bit small to my liking . Also the screen hurts my eyes in the night . One plus is a better phone",Jan 2026,Thane
5,Excellent,awesome and very good product Dholu jaat Kaswan,Jan 2026,Gurugram
1,Absolute rubbish!,Worst mobile S.. Vaheed,Jan 2026,Hyderabad
5,Mind-blowing purchase,Amazing purchase,Jan 2026,Gurugram
1,Terrible product,Lots of bugs in every new update,Jan 2026,New Delhi
5,Classy product,Received good quality I phone,Jan 2026,New Delhi
5,Mind-blowing purchase,Very nice product. Amazing experience with this phone. Camera is awesome and very smooth working. I really like this phone .,Jan 2026,Paschim Bardhaman
4,Pretty good,Full value for money,Jan 2026,Ambala
4,Nice product,Good phone. Battery health not that good,Jan 2026,Pune
4,Pretty good,rashid chaudhary,Jan 2026,Muzaffarnagar
5,Must buy!,Phone is very good loved it 24 Parganas,Jan 2026,North
5,Excellent,Best ever in this price,Jan 2026,Ghaziabad
5,Classy product,For security wise this is the best .,Jan 2026,Pimpri Chinchwad
5,Super!,. Product is awesome.,Jan 2026,Aligarh
4,Good quality product,Very nice looking,Jan 2026,Amravati
5,Terrific,It feels premium .,Oct 2025,North Twenty Four Parganas District
5,Best in the market!,What a Product what a camera beautiful mobile hai,Jan 2026,Jaipur
5,Great product,phone smooth and have great performance Sayyed parvez Ali,Jan 2026,New Delhi
5,Simply awesome,What a fantastic phone. Iphone always iphone anilraj Koothur,Jan 2026,Kunnamkulam
5,Terrific,"Overall good device,only problem is battery backup and also still 60hz display",Jan 2026,Ernakulam
3,Decent product,Battery capacity Shiva,Oct 2025,Hisar
5,Terrific,No doubt one of the best phone,Jan 2026,Delhi Division
3,Decent product,Overall a good phone at this price range,Jan 2026,New Delhi
5,Perfect product!,It is very nice and its material is also very soft.I tried it and I liked it very much.,Jan 2026,Surat
4,Pretty good,It was mentioned it has auto call recording facility but its not working at all,Jan 2026,Bathinda
5,Super!,Soo good proformance,Jan 2026,Howrah
5,Super!,mukardamwala Salman,Jan 2026,Bharuch
5,Best in the market!,"Nice and sturdy and easy to use with 1 hand at reasonable, however recommend to go for iPhone 17 if budget allows.",Jan 2026,Bengaluru
5,Simply awesome,Premium phone ever,Jan 2026,Nichlaul
4,Wonderful,"iphone 16 box was bit dusty with lot of stickers . Other than that, original brand new unused piece. Camera of iphone 16 is great with focal and macro mode. Cinematic video is amazing",Jan 2026,Thrissur
5,Super!,Nice phone it was one best series in this brand,Jan 2026,Baddi
5,Perfect product!,"Overall, my experience has been good and satisfactory.",Jan 2026,Kalol Gandhinagar District
5,Best in the market!,Good performance nice phone,Jan 2026,Hamirpur
5,Worth every penny,Good phone Ankita gupta,Jan 2026,Rampur Naikin
1,Terrible product,Disappointed. Haritha,Jan 2026,Chennai
4,Pretty good,Good professional,Jan 2026,Kosi Division
5,Brilliant,Excellent rajpal singh rathore,Jan 2026,Chittaurgarh District
5,Terrific purchase,Very good love it.,Jan 2026,Hailakandi
4,Nice product,Smooth use love it,Jan 2026,Chittur Thathamangalam
5,Mind-blowing purchase,Amazing as apple provide,Jan 2026,Sardarshahar
5,Just wow!,Very good mobile,Jan 2026,Abohar
5,Just wow!,Evry time best flipkart thanks,Sep 2025,Jambusar
4,Nice product,Amazing product with great deal on flipkart Rahul verma,Jan 2026,Sahibzada Ajit Singh Nagar
5,Brilliant,soooo Happyyyyy to buy,Jan 2026,Kanpur Division
5,Super!,Its so much amazing i just loved it and the colour is also so good,Jan 2026,Delhi Division
5,Terrific purchase,I like it product,Jan 2026,Chavakkad
4,Delightful,Pardeep vashist Sharma,Oct 2025,
5,Super!,Good nice product,Jan 2026,Delhi Division
5,Mind-blowing purchase,My first iPhone best experience,Jan 2026,Jaipur Division
5,Awesome,Very nice but some bugs needs to be fixed,Oct 2025,Kamrup Metropolitan District
5,Fabulous!,Video recording quality clarity,Jan 2026,New Delhi
5,Classy product,Good but high price without offers B,Jan 2026,Bhadradri Kothagudem
5,Worth every penny,Good a this product and so i am satisfied this product,Jan 2026,Muzaffarnagar
5,Simply awesome,Nice product yasmeen shaikh,Jan 2026,Mumbai
5,Just wow!,Best and awesome phone till date,Jan 2026,Ambedkar Nagar District
5,Super!,This phone very good,Nov 2025,Pune Division
5,Terrific purchase,Super I phone 101 Indian original mobile i m happy to this thak you flipcart,Jan 2026,Surat
5,Excellent,so far the best performance i have experinced in a phone ! really amazing..,Oct 2025,Thane
5,Excellent,Definitely it is an improved version compared to the older models in terms of performance and battery life. Noticeable changes after 12.,Jan 2026,Bengaluru
5,Terrific purchase,Great... I need one more phone,Jan 2026,Kurukshetra
5,Terrific purchase,Never think twice go for iPhone 16 . You will not regret. It will change your thinking about iOS . Everything is easy. You will love it. Battery is quite good .,Jan 2026,Mathabhanga
5,Fabulous!,Nice one..looks classy..!,Jan 2026,Chakan
4,Delightful,Nice product thnku flipkart,Jan 2026,Ateli
5,Wonderful,Best sound quality,Jan 2026,Nalbari
5,Perfect product!,"Amazing experience, battery experience, camera quality all are good.",Jan 2026,Pune
5,Best in the market!,Go for higher storage like 256 gb,Jan 2026,Thane
5,Excellent,Excellent quality and service,Jan 2026,Sahibzada Ajit Singh Nagar
4,Useless product,Battery quality is very poor,Jan 2026,Greater Noida
5,Mind-blowing purchase,I have gift to my brother Mohd azar Hussain,Jan 2026,Hyderabad
5,Terrific,thank you flipkat,Jan 2026,Indore
5,Terrific,Its orginal and genuine product Im happy bcz I got unused product happy for buying online,Jan 2026,Jaipur
3,Does the job,"Babal item I would say that , camera is good and battery is not good but performance is better than any android",Jan 2026,Bhagalpur
5,Classy product,Very nice product thanks flipkart love you,Jan 2026,Ballarpur
5,Just wow!,Amazing phone. Great battery life and great camera,Jan 2026,Mumbai
5,Terrific,I bought it in open box delivery was smooth I shifted 16 and boy I love this product iPhone is a statement super performance simply go for it,Jan 2026,Pune
5,Classy product,Loving the new IPhone 16 design and camera. The phone is lighter than previous models. Good phone at the price.,Sep 2025,New Delhi
1,Worst experience ever!,Display and performance of speaker is very bad. Speaker have very pro Gaurav kaushik,Jan 2026,Palwal
1,Hated it!,Phone is hanging and silent button not working,Jan 2026,Vasai Virar
1,Absolute rubbish!,Very poor battery performance Rahul kale,Sep 2025,Pune
5,Super!,Best mobile in budget,Jan 2026,Pune District
5,Must buy!,As expected Ashis kumar Roy,Jan 2026,Dhanyakuria
5,Highly recommended,A very good and wonderful product i received mohit awana,Dec 2025,Noida
5,Great product,Perfect phone best choice,Dec 2025,Pali
5,Must buy!,Very nice iPhone and in brand new quality.,Dec 2025,Kangra District
5,Terrific,Genuine product Varun J Thalapaneni,Dec 2025,Delhi Division
3,Decent product,Good but not good as s24,Dec 2025,Canacona
4,Good quality product,Happy with the new update iphone16 Abhijeet wankar,Dec 2025,Bharuch
5,Mind-blowing purchase,Camera is awesome Except battery backup everything is,Dec 2025,Silchar
5,Worth every penny,Nice product Abimanyu 7,Dec 2025,Paramathi
5,Super!,Thanks for the phone superb speed and good packaging sagar kambli,Sep 2025,Thane
5,Just wow!,Got in budget price in sale Till now no issue,Dec 2025,Noida
5,Terrific purchase,I m so happy with,Dec 2025,Dinanagar
4,Nice product,Nothing to newly about apple pintu maiti,Dec 2025,Thane
3,Camera 310,"Battery 610 Display 710 Audio 810 Dont buy for camera Waste of money, go with samsung s24 ultras25 ultra .",Dec 2025,Surajgarh
5,Highly recommended,Nothing to say Just I loved,Dec 2025,Chennai
1,Hated it!,Phone is good but delivery was worst that i have ever experienced with any e-com platform,Dec 2025,Kanpur
5,Perfect product!,Apple always good no need any special rating Tarlok singh,Dec 2025,Mallanwala Khass
5,Wonderful,Love it my first i,Dec 2025,Ranchi
5,Excellent,Best camera quality phone,Dec 2025,Kota
5,Excellent,This phone is superb everything is perfect and flawless and the only problem with is phone is battery nothing else .,Dec 2025,Varanasi
5,Wonderful,awesome azepal Gill,Dec 2025,Firozpur
5,Mind-blowing purchase,Satisfied with product,Dec 2025,Jagdishpur
4,Wonderful,this price Mr. Manek,Dec 2025,Jamnagar
5,Wonderful,Good work mayur Ambilkar,Dec 2025,Chandrapur
4,Value-for-money,Good ghjdff do hbcxb bcc fh Sanjay saran,Dec 2025,Sardarshahar
5,Perfect product!,I like this phone very much Gagan soni,Dec 2025,Rawatsar
5,Must buy!,such a great experience with iphone16 and excellent camera,Dec 2025,Prayagraj
5,Must buy!,best phone for gadget enthusiasts camera is highlight,Dec 2025,Hyderabad
5,Just wow!,Excellent shubham khokade,Dec 2025,Pune Division
5,Excellent,Super experienced Milan,Dec 2025,New Delhi
5,Mind-blowing purchase,"Fabulous ,great camera ,design yogesh more",Dec 2025,Nashik
5,Worth every penny,"I must say this phone was really Amazing and captured the high quality of pics, specifically the portrait shots are really nice same in the case of videos as well. With good details and battery backup is also fine after using continuously for around 7 to 8 hrs. You can definitely go for it.",Sep 2025,Lucknow
5,Great product,"Ive been using it since October 24 till now....and its so amazing to use it. Performance is too good. And coming about the camera , like I cant explain my work. Overall its outstanding to use it so I would tell you people you guys must buy it.",Dec 2025,Chandannagar
4,Pretty good,Good product with light in weight,Dec 2025,Indore
5,Must buy!,Outstanding performance and awesome camera khusanavaz shekh,Dec 2025,Varanasi
5,Awesome,Allrounder phone,Dec 2025,Dhaka
5,Classy product,First apple phone I ever experienced and it makes me wow,Dec 2025,
5,Great product,backup is good as compared with i phone 15,Dec 2025,Ahmedabad
5,Brilliant,Good pr Ramesh kumar,Dec 2025,Hisar Division
4,Worth the money,"Nice product, but the delivery was late.",Dec 2025,Nashik Division
5,Classy product,Excellent one m m,Dec 2025,Kozhikode
5,Terrific,Apple phones are always market leader,Dec 2025,Greater Noida
5,Highly recommended,"Product is very good, I like it, value for money",Jan 2026,Raipur Domana
5,Excellent,iPhone need no praise. Amazing product.,Dec 2025,Gurgaon
5,Must buy!,It is a very good mobile,Dec 2025,Bareilly
5,Fabulous!,Everyone know what iphone is amit chhikara,Aug 2025,New Delhi
5,Fabulous!,Phone is good but networking is not good Ajay kumar Giri,Dec 2025,Jagdalpur
5,Brilliant,Original product received,Jan 2026,Noida
5,Classy product,"The iPhone 16 is a fantastic, complete package, especially in the sophisticated Black finish. It brings the power, key photographic features, and modern interactive elements previously exclusive to the Pro line to the standard model.",Dec 2025,Dynamic Island
3,Decent product,Not superb Ok ok gadgets Amit kumar Amit kumar,Nov 2025,Faridabad
3,Decent product,Mostly overheated problems Chandan,Dec 2025,Jammu
5,Must buy!,Amazing phone os is so smooth and the camera is superb,Dec 2025,Gwalior Division
4,Value-for-money,"Received in good condition, checked the authenticity seems like fine.",Dec 2025,Gakulpur
5,Terrific purchase,Just wow...obviously coz too much of expensive..,Nov 2025,Bhubaneswar
5,Wonderful,"My 1st I phone, absolutely loving it , thanks to Flipkart for genuine product",Dec 2025,Hoskote
5,Fabulous!,Excellent product go for it,Aug 2025,New Delhi
5,Terrific purchase,Superb phone for the price range and love all the features.,Aug 2025,Bangalore
5,Mind-blowing purchase,Worth it. Shreehari S,Dec 2025,Bangalore
5,Simply awesome,Very nice mahesh varma,Dec 2025,Nashik Division
4,Pretty good,Outstanding performance hemant kumar,Dec 2025,Gurgaon Division
5,Terrific,Awesome.. Juned M,Dec 2025,Amreli
5,Best in the market!,16 series is best,Dec 2025,Kota
4,Good choice,First iPhone quite impressive performance,Dec 2025,Meerut Division
5,Worth every penny,"Internet speed is not good, only videos are being made very easily and the quality is also Good, the rest of everything is very normal",Dec 2025,Konkan Division
4,Wonderful,Best phone everything is good,Jan 2026,Kamrup
4,Worth the money,Phone is good but packing is very bed BoOm ShiVa,Nov 2025,Nurpur
5,Perfect product!,Battery good rest everything awesome,Nov 2025,Palia Kalan
5,Just wow!,Buying first time I had a great experience. Thank you,Jan 2026,New Delhi
4,Good choice,Osm phone but battery backup not good,Jan 2026,New Delhi
5,Must buy!,I like iphone 15 design........,Nov 2025,Rourkela
5,Terrific purchase,Apple always provides a good product. But now i guess they need innovation.,Jan 2026,Gurugram
5,Worth every penny,Great purchase subhash gole,Nov 2025,Pimpri Chinchwad
5,Best in the market!,Product is very good,Nov 2025,Jamnagar
5,Perfect product!,pretty happy with this purchase,Nov 2025,Jamshedpur
5,Simply awesome,Good product FlipkartDesh CustomerRaj,Nov 2025,Barotiwala Industrial Area
4,Good quality product,Excellent sonu saraswat,Nov 2025,Gurugram
5,Simply awesome,Great performance phone,Nov 2025,Bijepur
4,Worth the money,Better quealty is,Jan 2026,Jaunpur
5,Great product,kuraku prathap Kumar,Nov 2025,Kurnool
5,Just wow!,Best phone and best price i love it K l R jp t,Nov 2025,Haridwar
5,Simply awesome,Superb iSMART MANi,Nov 2025,
5,Wonderful,It is very nice and its material is also very soft.I tried it and I liked it very much.,Jan 2026,Surat
5,Good choice,Thank you flipkart love it this iPhone 16,Nov 2025,Bettiah
5,Just wow!,Nice compact phone with powerful specs that nobody can beat,Nov 2025,Mahoba
5,Highly recommended,Good job flipkart,Nov 2025,Gurugram
5,Must buy!,Best price best phone,Nov 2025,Basti
5,Fabulous!,Overall good phone,Nov 2025,Meerut Division
5,Excellent,I love this Thudum bharath Bharath,Jan 2026,Hyderabad
5,Perfect product!,very nice ekta saini,Jan 2026,Ambala District
5,Excellent,Very nice love it,Nov 2025,Shahkot
5,Mind-blowing purchase,Very impressive S,Jan 2026,Delhi Division
1,Very poor,"The seller is not reliable. I got an overheating product and the Flipkart support team are just wasting my time. they wont help you if you are stuck with such an issue they will just waste your time, so if u faced such an issue. just visit the apple store or service center directly. so dont waste your time and even if its marginally expensive . please buy it . I think Ill not buy things .",Nov 2025,Pune Division
5,Brilliant,This product is always awesome,Nov 2025,Varanasi
4,Good quality product,Good phone i like it,Jan 2026,Gurgaon Division
5,Best in the market!,Kottana suresh Suresh,Nov 2025,Chennai
5,Awesome,Very good sudesh kumar,Nov 2025,Sirsa
5,Classy product,quality and performance but battery backup is not better,Jan 2026,Manmad
5,Worth every penny,"Best phone ever, camera is excellent!",Nov 2025,Kalyan
4,Nice product,Special thanks flipkart,Jan 2026,Maunath Bhan
5,Perfect product!,Nice product and valuable money,Nov 2025,Delhi Division
5,A Worthy package for the price,"Excellent device for the price. The camera and Speakers are something that I like the most. Performance is too good, never ever lags on anything, run everything easily.",Nov 2025,Prayagraj
1,Dont waste your money,All problems product not comfart not working C program,Jan 2026,Roorkee
5,Highly recommended,Great iPhone16 performance and happy with flipcart service,Nov 2025,Delhi Division
4,Wonderful,Good performance,Nov 2025,Tiruppur
3,Just okay,Good but not too,Jan 2026,Nayagarh
5,Fabulous!,Everthing is goo,Nov 2025,Jaipur Division
4,Wonderful,Good camera and. Great phone,Nov 2025,Talegaon
5,Just wow!,Istayak ahmad Istayak,Nov 2025,Orai
4,Wonderful,"Product was nice ,good for handling.",Jan 2026,Nagpur
5,Great product,Nice iPhone ashish yogi,Nov 2025,Kuchaman City
1,Did not meet expectations,Heating very much,Nov 2025,Ranchi
4,Wonderful,Love this phone while using smooth and sexy,Jan 2026,Pune Division
5,Fabulous!,Wonderful sharp sharp,Jan 2026,Chennai
5,Fabulous!,Awesome camera ashutosh kumar,Jan 2026,Ambedkar Nagar
5,Terrific purchase,Very good delivery tq for giving good emi and everything vijay vasan,Jan 2026,Chennai
5,Best in the market!,Legit seller Got a great deal Adnan K,Nov 2025,Siliguri
5,Wonderful,Amazing product and features,Nov 2025,Kanpur
5,Terrific,Very good experience,Jan 2026,Gurugram
5,Excellent,Everything good. But. Battery performance not good,Jan 2026,Bangalore Division
5,Awesome,Cemera quality good but videos quality excellent performance excellent display good M R ???,Jan 2026,Konkan Division
5,Mind-blowing purchase,All everything good,Nov 2025,Gauripur
1,Absolute rubbish!,Not good...only status symbol phone....not value for money....no ....,Nov 2025,Udaipur
5,Classy product,I like it woww lovely phone umakanta athokpam,Nov 2025,Dehradun
5,Great product,Best phone Best phone,Nov 2025,Valsad
5,Perfect product!,Bestest .... very happy,Nov 2025,Koch Bihar
5,Awesome,Good design danish pasha,Nov 2025,Rampur
5,Fabulous!,Amazing professional model kumar Sahani,Dec 2025,Purba Champaran District
1,Worthless,Camera quality is very poor like iphone xr,Nov 2025,Sivasagar District
5,Wonderful,"Excellent package and delivery , and mobile is light weight, overall camera good but front is avg in low light, and battery is ok...Design is love it hate it kind...but it is premium... Shadow_ Shyam",Nov 2025,Vishakhapatnam
5,Perfect product!,"camera,display awesome",Nov 2025,Thiruvarur
5,Mind-blowing purchase,Great phone but the battery life is quite low,Dec 2025,Bhubaneswar
5,Fabulous!,Loved the purchase came on time and budget model make a purchase,Nov 2025,Pune Division
5,Terrific purchase,Very good product !!,Dec 2025,Lucknow
5,Perfect product!,My first iPhone but good decision for me I really love this phone,Nov 2025,Azamgarh Division
2,Highly recommended,All ok iPhone 16 128,Nov 2025,Vijapura
5,Best in the market!,Everything is good,Nov 2025,Kharar
5,Super!,Very nice better battery life better performance lovely design with iOS 18chip,Nov 2025,Aizawl
5,Worth every penny,satisfied with product and the delivery thing with flipkart,Nov 2025,Gurugram
5,Fabulous!,Now samsung has good camera,Nov 2025,Kalyan
5,Mind-blowing purchase,Everything is awesome except battery,Nov 2025,Mira Bhayandar
5,Highly recommended,better backup super camera,Nov 2025,Barela
5,Simply awesome,Fantastic performance and look.,Nov 2025,Jena
5,Super!,Overall good deal on Flipkart..Best dealm,Nov 2025,Shirpur
5,Super!,This is amazing Vishwaraj singh Yadav,Nov 2025,New Delhi
5,Highly recommended,First iphone which is awesome jyotirmay pandit,Nov 2025,Baleshwar
5,Great product,My second iPhone which I purchased online. Totally satisfied,Nov 2025,Moradabad
5,Simply awesome,Very good product,Nov 2025,Udhampur
1,Hated it!,Display not working,Nov 2025,Bangalore Division
5,Just wow!,Best display quality and amazing battery quality,Dec 2025,
5,Must buy!,produce RaviNdEr,Oct 2025,Nurpur
5,Best in the market!,Great product loved it!! P,Nov 2025,Bilaspur
5,Awesome,O s m means osmm this is really amazing after using this had forgot my last devide,Dec 2025,Gautam Buddha Nagar District
5,Super!,Delivery boy is very good,Nov 2025,Hisar Division
3,Does the job,Very nice phone... Performance and display like it..,Nov 2025,Kachchh District
5,Awesome,Awesome with some new features,Jan 2026,Madhyamgram
5,Terrific,Can say just... awesome,Nov 2025,Prayagraj Division
1,Useless product,Worst one waste of money Android much better Madurai queen,Jan 2026,Madurai
4,Worth the money,Outstanding camera and phone,Nov 2025,Hoshangabad
5,Highly recommended,Good very nice Diksha kamal,Nov 2025,Faridabad Division
5,Mind-blowing purchase,Good product received! Happy with the purchase,Nov 2025,Bengaluru
5,Best in the market!,My first iPhone experience syeda rabiya,Nov 2025,Malavalli
4,Good quality product,Best deal Chetana patil,Nov 2025,Konkan Division
5,Fabulous!,Good thisi All ways Patel,Dec 2025,Mancherial
5,Simply awesome,All is good as other iPhones,Nov 2025,Meerut Division
5,Highly recommended,Everthing is awesome.. worth the product,Nov 2025,Roorkee
5,Super!,Nice mobile but 60hz wrost as compared to other smartphones,Nov 2025,
5,Mind-blowing purchase,"Awesome performed iphone , must buy it",Jan 2026,Begusarai
5,Best in the market!,Original product and Best deal during,Dec 2025,Nandivaram Guduvancheri
1,Very poor,"Iphones should not be taken online even if you are getting a huge discount because they come with so many conditions which we dont know or ignore while buying the Mobiles, which becomes a headache after the buying and if you are facing any issues.",Jan 2026,Jammu
5,Super!,Its best phone at this price I bought it in 55k good to go . Mukul khosla,Nov 2025,Rupnagar
5,Just wow!,Best quality and trustable seller,Dec 2025,Ahmedabad
4,Good choice,Excellent harbansh Singh,Dec 2025,Gurugram
1,Very poor,Dont buy this model,Dec 2025,New Delhi
5,Just wow!,Veri nice for video and blog Chandan devnath,Jan 2026,Purnia
5,Classy product,Overall performance,Jan 2026,Fatehabad
4,Worth the money,"Product is super as I feel all are excellent especially Canara quality, visual and speed. Only I feel over heating during continuous operation for more than hours or taking photos.",Oct 2025,Bengaluru
2,Expected a better product,Very poor camera..fully dissatisfied with the camera performance..waste my money,Jan 2026,Byasanagar
5,Just wow!,Good one i phn is next level phone.,Nov 2025,Panchkula District
2,Expected a better product,This iPhone 16 is not new this is reassembled in India,Oct 2025,Karnal
4,Good quality product,SonalDixit SonalDixit,Nov 2025,Babarpur Ajitmal
1,Useless product,Not working properly,Nov 2025,Bangalore
5,Awesome,Very very Petta jeeva Customer,Nov 2025,Tirukalukundram
5,Terrific purchase,Atul pratap Singh,Nov 2025,Garhwal Division
5,Perfect product!,"Very nice zooming and pics, battery backup also nice",Nov 2025,Indore
1,Worthless,"The phone is switching off frequently just after buying it, dont buy i phone 16, the condition is really bad",Nov 2025,New Delhi
5,Best in the market!,best product ever,Nov 2025,Naraingarh
5,Highly recommended,Vry good performance,Nov 2025,Moradabad Division
5,Just wow!,Compact phone.A18 bionic chip is superb,Nov 2025,Badamba
5,Must buy!,Good but battery life much better than,Nov 2025,Katihar District
5,Wonderful,Thank you Flipkart good phone,Nov 2025,New Delhi
5,Must buy!,This phone is better than other phone because they give u best quality all thing just example camera and display Singh,Oct 2025,Basti
1,Worst experience ever!,Very poor quality display pradeep tiwari,Nov 2025,Surat
5,Highly recommended,Amazing product at a good rate and fastest and secure delivery. Shyamjith M,Nov 2025,Kuruvattur
5,Excellent,The third one I am totally satisfied with the product ... Absolute bonkers gaming performance the screen size is a bit of an issue for me as it is too small and to handle that I already had a iPhone 15 plus and the in hand feel the overall quality of the product is top notch,Aug 2025,New Delhi
5,Terrific purchase,Great compact phone. Nice photos and nice fluid software experience.,Nov 2025,New Delhi
5,Simply awesome,Very very good jagdish Kumar,Jan 2026,Faridabad Division
5,Good quality product,Super performance and display,Nov 2025,Biharsharif
1,Very poor,Power shock in power button during charging. And phone heat up in pocket Raghu P O,Nov 2025,Bengaluru
5,Simply awesome,Image quality is awesome,Nov 2025,Hyderabad
5,Must buy!,Seamless user experience and cameras are quite impressive,Nov 2025,Kasganj
5,Terrific,Value of money shubham vijoy,Nov 2025,New Delhi
5,Fabulous!,Superb experience with iPhone,Nov 2025,Hyderabad
5,Must buy!,Nice mobile phone,Nov 2025,Ganaur
4,Delightful,Glad I ordered this in . Thanks flipkart,Nov 2025,Ghaziabad
5,Awesome,Very good mobile,Nov 2025,Bhiwani
4,cost,"Good product but major cost is brand compared to product ,otherwise similar performing 30 cheaper , Anyway purchased for",Nov 2025,Anyway
5,Fabulous!,Outstanding performance and best-best condition,Jan 2026,Sagar District
5,Must buy!,I really loved it.So happy that I own it . Kasiraj R,Jan 2026,Kochi
5,Wonderful,Adorable produch love it,Nov 2025,Gurgaon Division
5,Worth every penny,Good product Im happy,Nov 2025,Bilram
3,Just okay,Disappointed with camera,Nov 2025,Kurduwadi
3,Just okay,After using mobile its getting hot,Jan 2026,Bangalore
5,Brilliant,Battery dranage soon and front camera is not very good ...back camera amazing .. muneesh pandey pandey,Nov 2025,Bengaluru
5,Fabulous!,"Awesome phone..., really apple makes the best phone and most secured also.",Nov 2025,Alwar
5,Terrific,Very good product,Jan 2026,Jhalawar District
5,Simply awesome,Amazing product quality,Nov 2025,Fatehabad
5,Terrific purchase,Good product Dilkesh meena,Jan 2026,Jaipur
5,Highly recommended,A cash on delivery. Delivery is late but its is in good quality,Nov 2025,Hamirpur
5,Must buy!,Amazing experience my new I phone 16 super 200 worth at this price range,Aug 2025,Chennai
4,Nice product,Apple should bring more innova,Nov 2025,Kolkata
5,Highly recommended,or Best service Open box delivery Harsh upadhyay,Nov 2025,Rajkot
3,Just okay,Bettry condition is very poor,Nov 2025,Solan
5,Just wow!,Loved it Vijay C,Nov 2025,Chennai
5,Mind-blowing purchase,Awesome. Worth every penny. Got it for a very reasonable price.,Aug 2025,Chennai
5,Wonderful,Value for money thank you flipkart,Nov 2025,Manmad
4,Good choice,Display 109 cameras 109 sound 1010 best performance top quality video thanks for apple,Nov 2025,Nadia District
5,Terrific,Excellent device,Dec 2025,Patna
5,Fabulous!,Camera good but battery not good,Nov 2025,Araria
5,Perfect product!,Camera and performance is beast but you have to compromise with display quality .,Nov 2025,Bhopal
5,Brilliant,Best big billion deal,Nov 2025,Jaunpur
1,Did not meet expectations,Bluetooth is not working ajit sharma,Aug 2025,Bengaluru
5,Excellent,along with impressive camera quality.,Nov 2025,Presidency Division
5,Terrific,"Extremely marvellous product,best of all at such a price.",Nov 2025,Agra
5,Best in the market!,Amazing phone among all iPhone series specially in terms of battery and camera,Nov 2025,Aligarh
5,Great product,Superb quality.. Easy to use.. Best camera.. Best quality product..,Nov 2025,Barjora
5,Worth every penny,Phone is good rajat garg,Nov 2025,Hisar
5,Fabulous!,Cant be more than this performance.,Jan 2026,Hyderabad
5,Awesome,Best in class Ansar pathan,Nov 2025,Dewas
1,Waste of money!,Just a waste of money to buy such an overrated phone.,Nov 2025,Malerkotla
5,Super!,Excellent performance,Nov 2025,Sikar
5,Highly recommended,Best performance with best price.,Nov 2025,Kolkata
5,Worth every penny,Very good experience after android,Nov 2025,New Delhi
5,Great product,I got this phone during sale ..worth buying after switching to android one,Nov 2025,Koppal District
5,Simply awesome,Excellent product,Dec 2025,Lucknow Division
5,Mind-blowing purchase,All good thanks to flipkart dreams true,Nov 2025,Bhiwani
4,Good choice,fine experience. kapil,Nov 2025,Delhi Division
4,Wonderful,Good mobile Pandian .m,Dec 2025,Puducherry
4,Nice product,"I am using iphone 16 for some time but not completely mindsetup on this. Before this I am using 1. which he is still using. Iphone cameras colour is natural, display is good other wise my nothing Phone 1 is best. Garasiya",Nov 2025,Dungarpur District
5,Highly recommended,Always love to buy i,Nov 2025,Mumbai
5,Classy product,Very nice product,Nov 2025,Devipatan Division
5,Terrific purchase,It is a really good product.Go for it.,Oct 2025,Gangtok
5,Highly recommended,Worthable.. Sachin R,Aug 2025,Kanchipuram
5,Awesome,This rate is all this product,Nov 2025,Udaipur Division
5,Wonderful,Original phone best quality,Oct 2025,Sonipat District
5,Perfect product!,Amazing product. Thanks flipkart,Nov 2025,Konkan Division
5,Simply awesome,Noice phone harshita pathak,Nov 2025,Bhagalpur
5,Terrific,Excellent phone come with apple intelligent,Dec 2025,Sri Potti Sriramulu Nellore District
5,Excellent,Awesome phone one of the best purchase. Mr AnuRaG RaNa,Nov 2025,Mohali
5,Highly recommended,Worth it At best rate in,Nov 2025,Aurangabad
5,Fabulous!,Best product very use full for photographer and video grapher,Nov 2025,Anjar
5,Classy product,Premium quality amazing,Nov 2025,Meerut Division
4,Good choice,Beutiful and very nice looking,Nov 2025,Ahmedabad
5,Super!,Fantastic product,Nov 2025,Kolkata
4,Wonderful,Nice product BiTtU SiNgH,Dec 2025,Anwari
3,Decent product,Overheating i just downloaded 5 apps and its fkng heating like Im playing Heavy game on max graphics Im just downloading applications man whats there to overheat,Nov 2025,Patiala Division
3,Decent product,Not value for now in present senerio samsung is better than a Apple shubham sharma,Dec 2025,Raya
5,Super!,Nice camera somth operating Excellent phone in range,Nov 2025,Gajraula
5,Highly recommended,Value of money mayank bhamboo,Nov 2025,New Delhi
5,Perfect product!,Amazing color and design I jzt loved it!!!,Nov 2025,Bengaluru Rural District
5,Classy product,Good I like iphone,Nov 2025,
5,Classy product,Mindblowing features,Jul 2025,Kolkata
5,Terrific purchase,Yaa its good but one thing is imbalance invoice No mail nothing Manasa,Nov 2025,Hyderabad
5,Wonderful,Very nice Product.Charger should be provided alongwith Apple I Phone 16which was not provided.,Nov 2025,Zirakpur
1,Not recommended at all,Camera quality is very poor however when I shoot video then it is little b,Dec 2025,Rohtas District
1,Horrible,Not good Asad firoz Shiekh,Nov 2025,Varanasi
5,Worth every penny,I got genuine product. Thanks to the seller.,Nov 2025,Surat
5,Terrific purchase,Best phone performance too good,Nov 2025,Biaora
5,Super!,Great camera and excellent performance. Built quality is amazing.,Nov 2025,Koppal
5,Brilliant,First time I use iphone series . Happy to inform that its awesome picture quality is very nice . Light weighted. Compatibility also good . Totally worth it Go for it without any hesitation .,Nov 2025,Byasanagar
5,Highly recommended,Good as expected,Dec 2025,Dhemaji
5,Excellent,Super qulaity like a showroom piece,Aug 2025,Kappalur Sidco Industrial Estate
5,Highly recommended,"It is the best compact smartphone for working professionals. Camera, battery, sound, performance and display all are perfect. Value for money pricing during sale.",Nov 2025,Madhubani District
5,Brilliant,I got my iphone 16 secure in my hands thanks you flipkart to delivered my iphone 16 safe in my hands,Nov 2025,Rewa District
5,Wonderful,Good deal for the offer price,Nov 2025,Thiruvananthapuram
5,Awesome,Nice phone at this lowest price,Nov 2025,Pune
5,Terrific,Very good product Manish kumar Swami,Dec 2025,Waluj Midc
5,Mind-blowing purchase,"Good product. It would be better, If it has the 120hz display.",Nov 2025,
5,Perfect product!,Nice my phone wow quality,Nov 2025,Modinagar
5,Highly recommended,Good performance and awesome camera quality,Nov 2025,Noida
5,Brilliant,Overall good.but after the ios 26 update better drain fast. prodip Biswas,Dec 2025,Barasat
5,Highly recommended,"I love it, thanks",Nov 2025,Bengaluru
4,Value-for-money,One rating cut down for the delivery boy because the behaviour is not good and the product is awesome,Nov 2025,Faridabad
5,Worth every penny,Best service original phone You can buy,Nov 2025,Faridabad Division
3,Does the job,Camera is top class everything else is not that great.,Nov 2025,Fatehabad
5,Excellent,Nice one I am enjoying my dream Khushbu pandit,Nov 2025,Faridabad
5,Terrific,Wonderful awesome perfect,Nov 2025,Betia
5,Classy product,Excellent product as I buy in sell.,Nov 2025,Ahmedabad
5,Perfect product!,Great phone at s,Nov 2025,Dungarpur
5,Highly recommended,Good but battery is less backup than iPhone 14,Nov 2025,Mughalsarai
2,Not good,"I am a new user of apple and while starting, I have received the option to enter the passcode to unlock it instead of creating a new one. Terrible experience. I was very excited but now the phone is locked for 1 hour after multiple failed attempts. apple Suggest something and please solve this issue for me.",Nov 2025,Kangra District
4,Good quality product,"Everything good except the battery, it drains too fast",Nov 2025,New Delhi
4,Good quality product,Nice pr Ratan das,Nov 2025,Baksa District
5,Classy product,Best phone ever this is the first time I ordered a phone u,Nov 2025,Bharuch
5,Brilliant,Overall a good purchase yatendra meena,Nov 2025,Alwar
5,Classy product,Awesome. My best experience with this.,Nov 2025,Siliguri
5,Great product,Nice awesome mobile,Nov 2025,Narnaund
5,Simply awesome,Love this phone But the only problem is the battery and the 60HZ display Kumar,Nov 2025,Kangra District
1,Useless product,Mobile not charging,Nov 2025,Panipat
5,Excellent,All over good and iPhone is trusted,Nov 2025,Jalandhar
5,Mind-blowing purchase,Really iphone all feature best,Aug 2025,Raghudebbati
5,Just wow!,Love the product so far. Worth spending nothing. Rahul shukla,Nov 2025,Ludhiana
4,Nice product,Adapter must be included,Oct 2025,Nagpur
5,Best in the market!,Awesome delivery and packaging in awesome price,Nov 2025,Katihar
5,Terrific,"All features are outstanding easy to carry,durable battery and volume quality is so good at last I recommended you all to must buy it at ones",Nov 2025,Ghaziabad
5,Terrific purchase,It was very fast delivery and very nice service,Nov 2025,Vadodara
5,Fabulous!,"Excellent product received, Thank you Flipkart.",Nov 2025,Thank
5,Best in the market!,Received the product as shown.,Nov 2025,Nagaon
5,Classy product,My 1st iphone its really ama,Nov 2025,Moradabad
5,Simply awesome,A good phone in the price offered at sale,Nov 2025,Gautam Buddha Nagar
5,Awesome,Worth it for money.,Nov 2025,Bhawanipatna
5,Must buy!,M.S Gst.no 07BURPA1919C1ZW,Nov 2025,New Delhi
5,Highly recommended,Product. I 2 . . ..,Nov 2025,Cachar District
5,Awesome,Amazing performance in all aspects only face id doesnt work sometimes. rajan singla,Nov 2025,Ahmedabad
5,Great product,Its best in apple series phones,Nov 2025,New Delhi
5,Wonderful,All excellent work,Nov 2025,Agra Division
4,Good choice,No words for this product,Nov 2025,New Delhi
4,Delightful,Other than display refresh rate evrything is top-notch. moushamraj biswal,Nov 2025,Subarnapur District
5,Wonderful,Very good performance arun sharma,Nov 2025,Samba District
5,Great product,syed mudassir hussain,Nov 2025,Hyderabad
5,Classy product,Very valuable Reasonable price,Nov 2025,Bangalore Division
5,Must buy!,with 16 Chandu FiSh,Dec 2025,Gurugram
5,Awesome,The is best and looks also but battery back is not good for high useage Sadiq ali,Nov 2025,New Delhi
5,Great product,Great product Shubham,Nov 2025,Mandi
5,Worth every penny,Very good nice cemera is good mobaile,Nov 2025,Uttar Dinajpur District
5,Classy product,Good phone for official purpose,Nov 2025,Ramgarh Cantonment Civil Township
5,Great product,Nice product thank you,Nov 2025,Ahmedabad
5,Great product,Good item and best product,Nov 2025,Upper Assam Division
5,Brilliant,Good performance Vineeth vinu,Nov 2025,Kozhenchery
5,Best in the market!,Good product worth for,Nov 2025,Coimbatore
5,Perfect product!,I am happy with product,Nov 2025,Bengaluru
5,Must buy!,"i bought first time of iphone. Before i m using androide , but yet my experience has been upgraded. I am totally satisfied . parasram Jatav",Nov 2025,Bhopal
5,Best in the market!,Best price and best phone,Nov 2025,Tirhut Division
5,Great product,Its amazing Dhananjay singh,Nov 2025,Bhopal
5,Terrific purchase,This is my first purchase of an apple product and i am fully satisfied with this iphone 16 brilliant smart phone apple is apple,Nov 2025,Jind
5,Great product,Everything perfect..,Nov 2025,Bhubaneshwar
5,Terrific,iPhone 16 is a good built and feature Khatana,Nov 2025,Bawal
5,Highly recommended,My dream phone awesome,Dec 2025,Tawang District
5,Perfect product!,Iphone is good phone and me always only use i,Nov 2025,Ooty
5,Fabulous!,Great for phots and videos but you have to change the settings and turn off,Dec 2025,Southern Division
5,Worth every penny,Good phone Sachin dubey,Nov 2025,Gurugram
5,Fabulous!,Amazing aryan dhiman,Nov 2025,Dehradun
5,Must buy!,iPhone is always best,Jan 2026,Secunderabad
5,Awesome,"First time switching to Ios, never going back lol!",Nov 2025,Mohali
5,Simply awesome,Awesome but del khan,Nov 2025,North Twenty Four Parganas District
5,Just wow!,Best iphone ever,Nov 2025,Ahmedabad
5,Brilliant,Sangeeta rani Rani,Nov 2025,New Delhi
5,Brilliant,Descent phone at higher price,Aug 2025,Aurangabad
5,Highly recommended,Nothing to say about iPhone is the best.,Nov 2025,New Delhi
4,Good choice,also good desine is so amazing,Nov 2025,Kanpur Division
4,Good choice,This is the best phone at this price,Nov 2025,Konch
5,Classy product,Very very good and nice product,Nov 2025,Ludhiana
4,Good quality product,Everything is excellent apart . anas qadeer,Nov 2025,Bara Banki District
5,Awesome,camera performance super,Nov 2025,Shimoga
5,Just wow!,"The night mode of the camera is too good, compared to other models, and the phone is absolutely beautiful and is attractive than other colors.",Nov 2025,Hyderabad
5,Must buy!,Good experience Hassan .,Nov 2025,Nuh
5,Must buy!,Nice product Dr.,Nov 2025,Solapur
5,Terrific,This is my first apple phone this features in great,Nov 2025,Presidency Division
5,Worth every penny,This product is so good,Nov 2025,Ludhiana
5,Worth every penny,Iphone 16 is better mobile but back looking is not good. yanendra singh,Nov 2025,Bharatpur
3,Just okay,Battery is not working properly,Nov 2025,Kota
5,Terrific purchase,Amandeep singh Birdy,Nov 2025,Jabalpur
4,Worth the money,Good phon Aloknath sadhu Sadhu,Nov 2025,Medinipur Division
5,Worth every penny,Thise products very amazing,Nov 2025,Sasni
5,Terrific purchase,Got at best price,Jan 2026,Belagavi
5,Best in the market!,"All is good but Flipkart packaging, not good ashwani mannan",Nov 2025,Dehradun
5,Highly recommended,"Very nice experience to performance,camera and",Nov 2025,Purba Champaran District
5,Fabulous!,Best phone for samsung users,Nov 2025,New Delhi
1,Useless product,Not good product,Nov 2025,Gurugram
1,Waste of money!,Camera problem And not support flipkart and Apple care,Nov 2025,Sahibzada Ajit Singh Nagar District
5,Simply awesome,Good camera quality,Nov 2025,Jalgaon
3,Decent product,"Battery is good, camera is good, display is good,design is good but this piece is facing problem multiple time I dont know how it can be malfunctioning in new handset.",Nov 2025,Greater Noida
4,Nice product,Just loot at the color wowww,Nov 2025,Hyderabad
5,Terrific purchase,i phone 16 is good product but battery is poor,Jan 2026,Gwalior
5,Best in the market!,Battery poor and phone superb R.K,Jan 2026,Hyderabad
5,Perfect product!,Best phone rajesh gour,Nov 2025,Rewa
4,Good quality product,Product was amazing and genuine completely flawless but behaviour of delivery boy is so rude,Nov 2025,Patiala Division
5,Classy product,Very good madhukar chada,Nov 2025,Hanamkonda
4,Nice product,"Good design, camera, performances kumar",Nov 2025,Muzaffarpur
5,Perfect product!,Best quality best iPhone 16,Nov 2025,Ahmedabad
5,Worthy ! Better,! little bit Battery concern,Nov 2025,Gadhinglaj
5,Mind-blowing purchase,recommended to purchase. Buy it guysss,Nov 2025,Silchar
5,Brilliant,Best quality nice pics price,Nov 2025,Unnao
5,Perfect product!,Superb product t deepak reddy,Nov 2025,Raipur
5,Brilliant,The image quality is outstanding and even in low light area it outperformed any smartphone available. Really liked the shortcut and action button very useful,Nov 2025,New Town
5,Highly recommended,Good in performance camera design and display but should have 4000 mah,Nov 2025,Srinagar
5,Wonderful,amazing Jagwinder singh,Nov 2025,Jalandhar District
5,Terrific purchase,Superb thanks flipkart,Nov 2025,Hajira
5,Terrific purchase,Good phone with advance features,Nov 2025,Ghaziabad
5,Best in the market!,Feel awesome in hand feel and my first iPhone so loving it and the camera took some really good pics,Nov 2025,Kolkata
5,Super!,Better experience with iPhone 16,Nov 2025,Kollam
5,Perfect product!,Very good photos .,Nov 2025,Kota Division
5,Terrific,All over next level experience,Nov 2025,Bhiwani
5,Must buy!,Good pafomanace good camara,Nov 2025,Raisen
5,Just wow!,is best and battery backup is improved,Nov 2025,Bikaner
5,Mind-blowing purchase,Happy with this purchase on,Nov 2025,Pune Division
5,Super!,Wonderful iphone,Nov 2025,Bhadrak
5,Best in the market!,A good perfect phone but needs to improve two things fast charging and battery backup Ajay,Nov 2025,Surat
5,Mind-blowing purchase,performance in every segment,Jan 2026,Mumbai
5,Wonderful,Name is enough susheel Chaudhary,Nov 2025,Fatehpur
5,Excellent,Finally the mobile was awesome,Nov 2025,Bondapalli
5,Wonderful,Authentic product and the best phone tho,Nov 2025,Nellore
